ts,station,kn,rafale,dir
202609241800,BOU,5.8,7.4,270
202609241800,GVE,2.5,3.7,35
202609241800,CHB,1.9,3.5,267
202609241800,CGI,2.5,4.5,348
202609241800,PRE,5.1,7.8,61
202609242300,BOU,4.1,5.1,153
202609242300,GVE,2.3,3.5,241
202609242300,CHB,1.3,2.7,267
202609242300,CGI,6.0,7.8,346
202609242300,PRE,12.3,16.3,6
202609250400,BOU,2.9,3.7,150
202609250400,GVE,1.3,1.9,294
202609250400,CHB,1.6,2.9,291
202609250400,CGI,3.1,3.9,296
202609250400,PRE,10.3,13.2,6
202609251100,BOU,4.5,5.8,309
202609251100,GVE,5.5,8.5,64
202609251100,CHB,7.6,9.5,55
202609251100,CGI,4.3,7.6,95
202609251100,PRE,5.1,6.8,140
202609251700,BOU,3.3,4.5,140
202609251700,GVE,3.1,3.9,69
202609251700,CHB,3.9,8.2,318
202609251700,CGI,2.3,3.1,356
202609251700,PRE,0.8,1.3,185
202609252100,BOU,3.3,4.6,148
202609252100,GVE,1.9,3.7,313
202609252100,CHB,1.2,2.2,296
202609252100,CGI,4.1,4.6,327
202609252100,PRE,2.3,3.3,297
202609260000,BOU,4.9,6.0,147
202609260000,GVE,1.2,1.9,296
202609260000,CHB,1.2,2.2,285
202609260000,CGI,3.9,4.5,333
202609260000,PRE,4.1,6.2,310
202609260700,BOU,2.9,5.2,142
202609260700,GVE,1.0,2.3,324
202609260700,CHB,1.0,2.2,141
202609260700,CGI,2.3,4.9,201
202609260700,PRE,1.0,2.2,231
202609261300,BOU,2.2,2.7,301
202609261300,GVE,4.9,9.9,86
202609261300,CHB,6.4,10.3,114
202609261300,CGI,3.7,7.2,133
202609261300,PRE,3.7,5.1,151
202609261700,BOU,3.7,4.5,155
202609261700,GVE,0.8,1.3,285
202609261700,CHB,2.5,5.2,340
202609261700,CGI,3.3,4.1,339
202609261700,PRE,2.7,3.7,38
202609262100,BOU,3.3,4.9,137
202609262100,GVE,0.8,1.2,303
202609262100,CHB,0.6,1.7,330
202609262100,CGI,3.1,3.9,312
202609262100,PRE,3.5,4.1,330
202609270000,BOU,2.5,4.9,170
202609270000,GVE,1.2,1.7,317
202609270000,CHB,1.2,1.7,237
202609270000,CGI,3.5,4.6,329
202609270000,PRE,4.5,5.5,318
202609270800,BOU,3.1,5.8,133
202609270800,GVE,0.8,4.5,94
202609270800,CHB,1.3,2.7,122
202609270800,CGI,2.9,5.2,194
202609270800,PRE,1.6,2.7,196
202609271300,BOU,1.7,2.3,318
202609271300,GVE,6.0,10.3,238
202609271300,CHB,6.4,10.9,73
202609271300,CGI,2.3,4.6,130
202609271300,PRE,4.5,6.4,91
202609271800,BOU,4.6,6.0,147
202609271800,GVE,0.8,1.3,23
202609271800,CHB,2.5,3.7,319
202609271800,CGI,2.5,3.7,324
202609271800,PRE,2.5,3.3,353
202609272200,BOU,2.7,3.5,162
202609272200,GVE,0.8,1.7,58
202609272200,CHB,1.2,2.5,276
202609272200,CGI,3.5,4.1,316
202609272200,PRE,3.7,4.3,319
202609280500,BOU,3.5,5.1,154
202609280500,GVE,1.9,2.7,297
202609280500,CHB,1.0,1.7,313
202609280500,CGI,1.2,2.7,336
202609280500,PRE,3.9,4.9,328
202609281300,BOU,1.0,1.6,264
202609281300,GVE,6.2,9.7,215
202609281300,CHB,5.5,10.1,112
202609281300,CGI,3.5,5.1,136
202609281300,PRE,4.1,5.8,110
202609282000,BOU,6.0,8.7,138
202609282000,GVE,1.6,2.5,320
202609282000,CHB,0.6,1.2,3
202609282000,CGI,3.3,3.7,319
202609282000,PRE,3.1,3.7,352
202609290100,BOU,1.2,2.9,122
202609290100,GVE,1.2,1.9,255
202609290100,CHB,1.0,2.2,229
202609290100,CGI,0.8,1.6,332
202609290100,PRE,3.1,3.5,312
202609290800,BOU,3.9,4.9,302
202609290800,GVE,0.6,1.6,315
202609290800,CHB,1.0,1.9,183
202609290800,CGI,1.2,2.9,160
202609290800,PRE,3.5,4.6,237
202609291600,BOU,1.0,2.2,71
202609291600,GVE,3.3,5.1,85
202609291600,CHB,3.9,6.0,213
202609291600,CGI,1.6,1.9,59
202609291600,PRE,1.9,2.5,100
202609292200,BOU,2.7,3.1,169
202609292200,GVE,0.6,1.2,86
202609292200,CHB,1.3,2.9,299
202609292200,CGI,2.9,3.1,329
202609292200,PRE,2.7,3.7,330
202609300100,BOU,3.7,5.2,149
202609300100,GVE,2.5,3.3,307
202609300100,CHB,1.6,2.9,26
202609300100,CGI,1.7,3.1,353
202609300100,PRE,2.3,3.5,292
202609300800,BOU,8.2,10.1,287
202609300800,GVE,1.7,2.9,272
202609300800,CHB,4.6,9.1,64
202609300800,CGI,0.4,1.6,186
202609300800,PRE,0.2,0.6,202
202609301600,BOU,1.6,2.2,7
202609301600,GVE,2.3,4.6,121
202609301600,CHB,3.5,5.2,205
202609301600,CGI,1.3,1.7,113
202609301600,PRE,2.9,3.7,101
202609302200,BOU,3.1,4.3,162
202609302200,GVE,1.7,3.5,281
202609302200,CHB,1.2,2.2,344
202609302200,CGI,1.7,3.9,271
202609302200,PRE,1.2,1.9,26
202610010100,BOU,0.6,1.2,109
202610010100,GVE,2.7,3.9,328
202610010100,CHB,0.6,1.0,352
202610010100,CGI,0.6,1.0,197
202610010100,PRE,1.7,2.5,299
202610010800,BOU,7.0,10.5,143
202610010800,GVE,0.6,1.6,332
202610010800,CHB,2.9,5.2,90
202610010800,CGI,3.1,4.3,167
202610010800,PRE,1.9,2.7,227
202610011700,BOU,6.8,9.0,311
202610011700,GVE,3.5,7.4,183
202610011700,CHB,3.1,4.3,231
202610011700,CGI,2.5,3.7,192
202610011700,PRE,8.0,10.1,230
202610012200,BOU,8.0,10.3,281
202610012200,GVE,2.7,4.5,338
202610012200,CHB,3.1,3.9,270
202610012200,CGI,0.8,1.6,150
202610012200,PRE,7.2,10.7,7
202610020500,BOU,1.7,3.1,220
202610020500,GVE,1.6,3.9,334
202610020500,CHB,1.0,3.1,181
202610020500,CGI,1.9,4.1,46
202610020500,PRE,6.8,10.5,28
202610021200,BOU,5.1,6.2,292
202610021200,GVE,5.6,11.3,59
202610021200,CHB,5.2,9.9,64
202610021200,CGI,4.6,9.3,78
202610021200,PRE,8.0,10.7,92
